Distribution,Model,Sensitivity,Specificity,Precision,MCC,AUC-ROC
34:66,MLP,0.8445945945945946,0.9819332903452723,0.07503001200480192,0.24857088228742394,0.9497219506862511
34:66,Naive Bayes,0.8648648648648649,0.9690251480157102,0.046209386281588445,0.19578512096959733,0.9522003523542301
34:66,Ensemble,0.8581081081081081,0.9703382378802978,0.04779826872412495,0.19846448632686284,0.9668124775223667
10:90,MLP,0.8108108108108109,0.997068995837974,0.32432432432432434,0.5116142840776082,0.9539021171356009
10:90,Naive Bayes,0.8513513513513513,0.9760830060378686,0.05817174515235457,0.2188942898543986,0.9543403022578238
10:90,Ensemble,0.8513513513513513,0.9779119526349728,0.0626865671641791,0.22751924272906585,0.9625016833469848
